Test_Order,Distractions,Scores,Subjects,Age
Day1,Closed Eyes,8,1,Yong
Day1,Closed Eyes,7,2,Yong
Day1,Closed Eyes,8,3,Yong
Day1,Closed Eyes,7,4,Yong
Day1,Closed Eyes,6,5,Old
Day1,Closed Eyes,5,6,Old
Day1,Closed Eyes,5,7,Old
Day1,Closed Eyes,6,8,Old
Day1,Simple Distraction,5,1,Yong
Day1,Simple Distraction,6,2,Yong
Day1,Simple Distraction,7,3,Yong
Day1,Simple Distraction,5,4,Yong
Day1,Simple Distraction,5,5,Old
Day1,Simple Distraction,5,6,Old
Day1,Simple Distraction,4,7,Old
Day1,Simple Distraction,3,8,Old
Day1,Complex Distraction,3,1,Yong
Day1,Complex Distraction,6,2,Yong
Day1,Complex Distraction,6,3,Yong
Day1,Complex Distraction,4,4,Yong
Day1,Complex Distraction,2,5,Old
Day1,Complex Distraction,4,6,Old
Day1,Complex Distraction,3,7,Old
Day1,Complex Distraction,2,8,Old
Day2,Closed Eyes,9,1,Yong
Day2,Closed Eyes,8,2,Yong
Day2,Closed Eyes,9,3,Yong
Day2,Closed Eyes,7,4,Yong
Day2,Closed Eyes,6,5,Old
Day2,Closed Eyes,9,6,Old
Day2,Closed Eyes,7,7,Old
Day2,Closed Eyes,8,8,Old
Day2,Simple Distraction,6,1,Yong
Day2,Simple Distraction,8,2,Yong
Day2,Simple Distraction,9,3,Yong
Day2,Simple Distraction,9,4,Yong
Day2,Simple Distraction,7,5,Old
Day2,Simple Distraction,9,6,Old
Day2,Simple Distraction,5,7,Old
Day2,Simple Distraction,2,8,Old
Day2,Complex Distraction,4,1,Yong
Day2,Complex Distraction,4,2,Yong
Day2,Complex Distraction,7,3,Yong
Day2,Complex Distraction,5,4,Yong
Day2,Complex Distraction,3,5,Old
Day2,Complex Distraction,6,6,Old
Day2,Complex Distraction,4,7,Old
Day2,Complex Distraction,3,8,Old
